crop,rainfall,temperature,cost,market_price,yield,profit
oilseed,158,23,19818,62415,1.32,59287
oilseed,155,37,21376,58468,1.2,49029
maize,144,35,17120,19617,1.88,19414
oilseed,65,36,20058,62802,1.41,64921
maize,129,32,16078,18364,2.48,26016
paddy,151,20,25637,21741,2.28,22083
paddy,84,27,26095,24829,2.53,39836
paddy,128,35,27430,20722,2.87,30582
oilseed,43,37,20275,61441,1.11,44216
paddy,107,35,27302,22067,2.72,37118
maize,189,29,19674,17416,2.2,22342
paddy,72,23,26478,21583,2.78,33056
maize,56,26,18179,19204,1.88,21658
oilseed,163,22,21719,58833,1.5,69735
maize,77,37,19671,18109,2.17,20208
oilseed,171,29,20275,57006,1.07,42462
paddy,93,23,27564,22046,2.39,27463
maize,150,39,18556,18832,2.48,25823
oilseed,197,36,21253,58827,1.27,51439
oilseed,108,34,21941,60696,1.26,50827
oilseed,116,22,20178,64353,1.33,70204
maize,187,36,16610,18863,2.27,29008
maize,65,28,19238,19342,2.16,20848
maize,93,26,17361,20098,2.13,28178
maize,151,33,16637,17439,2.48,25181
oilseed,167,30,21540,64065,1.04,47197
paddy,122,28,27593,22627,2.71,36523
maize,34,31,16208,18427,2.49,31556
paddy,193,39,24005,24023,2.71,37744
maize,131,22,19214,19363,2.06,17947
maize,112,34,18294,17993,2.47,30581
maize,58,24,18866,19051,2.44,26565
paddy,138,37,23179,24417,2.91,50164
paddy,72,35,25696,24690,2.63,42551
oilseed,42,33,21595,56372,1.46,64804
paddy,113,35,26394,20668,2.45,22540
maize,52,31,19448,18819,2.17,20650
oilseed,32,22,20515,56461,1.15,45503
oilseed,121,21,19662,59183,1.38,65369
maize,180,25,19164,19555,2.34,28474
maize,114,34,16574,17464,2.26,18495
paddy,158,37,25131,23475,2.26,24963
oilseed,130,35,18537,57294,1.43,67960
paddy,142,40,27984,20973,2.67,28497
paddy,134,38,23636,20987,2.75,33194
maize,126,39,19835,18172,2.27,24827
paddy,58,35,23789,21676,2.2,25955
paddy,73,24,25500,23141,2.4,32600
maize,44,29,19393,20193,2.2,27155
oilseed,178,29,21118,60925,1.35,59607
oilseed,178,27,19512,62589,1.5,73317
maize,137,21,18879,20486,1.96,20260
oilseed,191,26,21382,57191,1.38,56944
oilseed,71,31,19104,61015,1.1,46206
maize,139,26,17239,19722,1.85,17138
paddy,117,27,25107,22124,2.5,31531
paddy,59,26,26441,21141,2.52,22452
oilseed,181,24,21974,58866,1.22,54541
maize,125,28,18782,17018,2.09,19788
paddy,46,33,25086,22188,2.16,25868
paddy,124,40,23945,21686,2.55,36252
maize,42,34,16254,18080,2.21,21048
oilseed,164,35,20380,55073,1.27,44724
paddy,95,36,26448,22328,2.34,30195
oilseed,74,39,19097,55409,1.18,47691
maize,70,40,17606,19484,2.3,29226
maize,162,29,16729,20199,2.11,29448
oilseed,86,25,18835,55808,1.19,48308
oilseed,82,33,21991,58254,1.13,39387
oilseed,134,40,21276,55522,1.41,57732
oilseed,121,34,18320,59599,1.3,56122
paddy,138,21,23418,22246,2.77,34491
paddy,121,22,27313,22422,2.66,28569
paddy,191,38,25147,22865,2.98,43534
oilseed,145,32,20492,62518,1.44,69737
maize,78,27,18317,17844,2.41,24550
paddy,140,34,23588,20683,2.72,29375
paddy,91,27,26588,20025,3.0,30049
maize,127,24,16727,17466,2.07,16015
oilseed,68,30,20618,64639,1.19,51927
paddy,133,26,27286,20035,2.1,14262
oilseed,77,32,20609,58875,1.47,68127
oilseed,187,32,19316,62125,1.28,61808
oilseed,31,20,20500,58451,1.38,56992
oilseed,150,27,19512,59932,1.25,55933
paddy,195,29,24893,23386,2.34,30054
maize,105,25,18938,19595,1.8,11388
paddy,81,24,27328,23515,2.35,29484
oilseed,127,24,19684,61979,1.42,63954
maize,187,21,17303,20791,2.01,25601
maize,146,38,17268,20905,2.25,28711
oilseed,62,28,21179,57584,1.27,54830
oilseed,184,24,19119,56629,1.41,60302
maize,37,24,19422,17238,2.36,17403
oilseed,170,35,19159,64237,1.3,61101
oilseed,36,37,18466,59494,1.05,43635
maize,176,33,19100,20665,2.49,35255
paddy,58,37,23094,23371,2.17,24832
paddy,138,33,27723,20038,2.15,14917
maize,70,24,17387,18565,2.15,23130
maize,145,20,16000,18675,2.03,17749
paddy,162,36,26078,23790,2.2,22723
maize,186,23,19700,20896,2.32,25171
oilseed,196,40,19795,58463,1.15,44101
maize,51,36,17184,20991,2.08,21947
paddy,90,37,25448,24421,2.76,46633
paddy,172,35,26648,21631,2.38,25689
paddy,129,38,24294,23366,2.77,42484
paddy,100,33,27993,22751,2.37,23992
oilseed,32,21,19926,56317,1.03,37101
paddy,66,22,25559,24207,2.09,24680
oilseed,37,30,20284,57554,1.27,57089
paddy,160,37,25454,22411,2.5,32407
paddy,176,22,23582,24574,2.78,49194
maize,181,27,19308,18495,1.99,19372
paddy,38,34,27692,22558,2.72,33488
paddy,138,36,25536,20135,2.84,33001
paddy,77,31,26631,20067,2.27,19256
maize,84,27,17063,19490,2.36,30174
paddy,85,34,27743,23560,2.16,19531
oilseed,193,20,21474,63571,1.45,66936
oilseed,127,31,19459,58367,1.47,64601
oilseed,94,24,19514,63628,1.37,65025
oilseed,143,21,21028,57421,1.38,53512
oilseed,129,38,19100,64453,1.42,70536
maize,176,37,18100,19246,2.36,28220
oilseed,200,39,19023,62495,1.36,63422
maize,63,36,18682,20448,1.98,18415
maize,136,20,17794,19931,2.35,31281
paddy,198,32,25258,21366,2.79,29597
maize,92,29,17467,19233,2.31,26330
maize,127,35,17184,19747,2.36,24438
oilseed,200,32,20126,60582,1.32,60041
maize,61,33,17758,18408,2.33,21591
oilseed,192,37,19049,62906,1.09,45605
maize,172,24,19158,18936,2.0,23177
maize,93,28,18695,17812,2.31,24516
paddy,31,28,26085,21784,2.61,33141
oilseed,138,30,20670,63050,1.11,47009
oilseed,177,32,19130,60578,1.28,60666
maize,97,30,16752,18595,2.34,24891
maize,153,26,19465,20227,2.46,25874
maize,132,36,18281,19231,2.4,31257
maize,63,39,19485,19092,1.94,16918
paddy,136,27,24770,23973,2.48,38179
paddy,165,39,26834,21742,2.32,22749
paddy,78,37,27046,23002,2.09,20856
oilseed,31,30,18799,61758,1.26,63268
oilseed,75,22,20652,60520,1.02,44971
oilseed,49,35,20866,59899,1.2,49762
maize,125,20,19323,18609,2.14,18190
oilseed,154,30,19157,60987,1.38,60385
oilseed,74,38,20303,60976,1.25,54507
maize,178,24,19341,19015,1.9,12850
paddy,156,22,23053,21764,2.44,32683
paddy,32,27,25968,21631,2.46,31938
maize,176,32,18619,20563,2.45,30868
maize,106,20,19836,20586,2.38,25768
paddy,37,35,26858,20034,2.64,30858
maize,150,39,19606,20334,2.33,24912
oilseed,142,27,19993,55886,1.09,45379
maize,79,21,19891,18855,1.94,12852
oilseed,125,21,21624,59123,1.08,43615
maize,173,26,19657,17470,1.91,18277
paddy,42,28,27361,24606,2.38,35840
maize,88,22,16271,17163,2.32,23301
maize,50,22,17462,20646,1.9,19598
paddy,168,36,24772,23174,2.49,37150
paddy,170,31,23729,21163,2.76,39247
maize,93,24,18202,19421,2.05,21789
maize,59,32,17690,19526,1.87,20480
maize,53,22,19319,20805,1.88,19571
oilseed,88,27,20594,56414,1.48,62359
maize,57,31,18742,18110,2.27,22061
paddy,154,26,26540,23818,2.19,29680
oilseed,189,25,20416,60889,1.01,40228
paddy,193,24,25156,23748,2.37,35561
paddy,156,39,25103,22685,2.7,34883
oilseed,101,28,21001,60062,1.33,61575
maize,194,22,17892,20891,2.25,30525
oilseed,46,38,19525,58132,1.18,49148
maize,113,22,17863,19525,2.12,23711
maize,185,20,16977,19189,2.1,26115
oilseed,57,26,21653,56539,1.07,34054
paddy,120,39,27604,23958,2.78,42227
maize,130,22,19097,20667,2.0,20525
oilseed,39,35,21686,62499,1.16,46507
paddy,58,30,25609,24701,2.21,27707
maize,121,35,17994,17305,1.9,18730
paddy,141,33,25296,23836,2.02,24676
maize,146,37,19390,17470,1.99,11053
paddy,153,29,26267,24996,2.99,49058
maize,32,35,17172,20898,2.5,33463
paddy,171,26,27123,24535,2.22,25186
oilseed,36,33,18180,55319,1.01,35482
paddy,101,34,23757,22519,2.62,37661
paddy,77,29,23063,23842,2.15,30332
paddy,46,27,26500,24961,2.23,26138
maize,104,31,17191,19765,1.89,17629
maize,172,23,16131,17761,2.07,17801
maize,40,35,19052,19318,1.8,14950
oilseed,167,23,19637,60941,1.22,53349
maize,80,25,19659,18312,2.32,22327
oilseed,42,26,19076,61878,1.08,52414
maize,149,39,17738,18669,2.5,26754
oilseed,73,24,18667,61523,1.06,46552
paddy,135,32,26981,21494,2.9,38139
maize,200,30,17439,17437,2.16,23562
paddy,127,38,25915,22207,2.42,27261
oilseed,193,28,21865,62120,1.3,60613
maize,87,34,18596,19405,1.82,20801
paddy,86,27,23835,21229,2.16,20109
maize,136,37,19509,19547,2.2,26875
maize,33,33,18859,17436,1.89,15603
maize,107,38,18428,20357,2.2,23551
oilseed,132,33,21335,62144,1.27,57818
paddy,77,38,26671,22936,2.31,28269
maize,125,27,19313,18657,2.46,23006
oilseed,136,25,18946,56858,1.18,51713
oilseed,89,23,21464,63473,1.33,59767
paddy,75,38,23956,23347,2.78,36499
paddy,71,24,24850,23844,2.83,42791
paddy,80,27,23195,22915,2.8,40734
oilseed,31,23,19417,60555,1.18,51152
paddy,134,34,23148,23635,2.58,41601
paddy,184,29,25783,23452,2.53,33680
paddy,88,39,24405,21780,3.0,38850
oilseed,165,38,21238,56803,1.25,46187
oilseed,88,33,20540,57937,1.4,59969
oilseed,177,23,18043,56523,1.34,54224
oilseed,123,40,19914,56630,1.42,58231
maize,119,27,19850,19215,1.99,18837
paddy,78,34,23425,21267,2.42,25624
maize,157,24,18432,17529,2.28,21381
maize,66,39,19023,19807,2.16,22907
maize,81,38,18328,20941,1.8,20216
oilseed,104,25,21294,60131,1.33,59930
paddy,176,24,25632,24009,2.81,37188
oilseed,174,29,21784,64824,1.37,66738
oilseed,44,34,20643,55270,1.29,46445
maize,44,32,16990,17842,2.4,23173
maize,55,26,17668,19999,1.91,20991
paddy,117,29,27197,22304,2.84,32813
paddy,64,33,24456,23120,2.45,29039
oilseed,105,32,18995,56387,1.05,38788
paddy,35,39,25681,22581,2.0,21473
paddy,30,35,26775,20630,2.22,14280
paddy,89,30,26214,20193,2.25,16933
paddy,31,20,26647,24010,2.75,34538
paddy,198,28,27048,20757,2.94,34711
paddy,118,33,26190,24699,2.02,22793
paddy,191,30,26998,24536,2.99,49457
oilseed,179,35,18618,62337,1.4,67174
maize,77,30,17154,17674,1.96,13244
paddy,153,33,26124,21850,2.94,40448
maize,168,36,19936,18429,2.26,20465
paddy,153,36,25306,23243,2.92,47143
paddy,132,29,26710,22425,2.19,23804
maize,35,36,18203,20342,2.47,35168
oilseed,141,25,20352,62809,1.24,58372
oilseed,136,26,20790,57999,1.2,46871
oilseed,172,31,19818,55920,1.21,49416
oilseed,84,22,20598,55036,1.34,51347
oilseed,57,29,21921,57894,1.09,45580
oilseed,52,25,21432,57379,1.16,48268
paddy,76,26,25245,22232,2.73,35613
paddy,63,23,25564,20960,2.68,35527
paddy,125,40,24294,20251,2.95,38621
paddy,124,40,27357,24892,2.23,29377
maize,64,29,18258,20480,2.43,27710
paddy,48,22,23995,24256,2.46,38864
maize,94,26,17620,19475,1.85,13441
oilseed,89,33,21839,55553,1.23,50022
maize,123,24,16633,20766,2.37,32441
paddy,189,24,25666,22856,2.35,27812
maize,113,38,19488,17284,1.83,9911
oilseed,56,35,21462,64620,1.22,61590
maize,128,35,17398,19063,2.14,23900
paddy,30,29,27784,22385,2.43,28365
paddy,87,34,27186,21069,2.74,34510
oilseed,51,38,21364,61080,1.19,48147
paddy,78,29,26418,22063,2.66,29210
maize,133,29,18562,18193,2.44,22741
oilseed,128,39,18114,59262,1.14,46436
maize,91,24,16616,19397,2.22,26706
maize,113,28,18975,19134,2.42,24281
oilseed,196,32,19890,62434,1.36,60213
paddy,80,37,24784,20133,2.1,17606
paddy,164,26,26276,23596,2.51,29485
maize,70,29,17251,19846,1.91,24138
oilseed,44,28,19443,58805,1.09,43489
paddy,88,27,27860,20443,2.81,29226
oilseed,67,37,19639,56415,1.32,52228
paddy,122,33,26319,20885,2.01,16443
oilseed,115,32,18000,63135,1.37,68621
paddy,118,39,23318,23726,2.5,39844
paddy,72,26,24150,21057,2.68,30205
oilseed,71,28,20390,59859,1.06,45652
maize,197,31,16633,17679,2.4,27530
oilseed,59,40,21516,57817,1.31,54226
oilseed,146,23,19576,56276,1.05,36219
oilseed,84,34,19911,55645,1.19,44597
oilseed,81,25,21491,55892,1.08,36099
oilseed,156,20,18339,58624,1.24,59306
paddy,36,31,24962,24790,2.42,38979
maize,63,40,19326,17915,2.06,13464
paddy,127,20,27777,21389,2.2,14710
oilseed,54,24,20623,57894,1.38,57236
oilseed,94,40,21041,63636,1.39,63023
oilseed,188,29,21698,55428,1.38,57385
oilseed,66,24,21037,58339,1.35,61848
oilseed,79,31,18564,64648,1.07,51445
maize,169,21,17448,17859,2.43,30772
maize,84,24,19615,18530,2.08,14120
paddy,167,40,26307,22419,2.45,24631
maize,43,31,16919,18526,1.96,19535
oilseed,177,22,21300,56368,1.08,35243
paddy,132,34,26701,23803,2.36,25648
maize,175,25,17165,19236,2.4,27334
paddy,72,39,25371,23407,2.6,35062
maize,190,30,19816,20556,2.39,30279
maize,43,23,16796,19893,2.04,25149
maize,64,22,19960,19711,2.43,27996
oilseed,126,26,19949,55526,1.34,59299
maize,31,30,18744,19021,2.34,28977
paddy,178,25,27279,22345,2.73,34572
oilseed,175,36,21341,57306,1.39,58220
oilseed,181,27,21101,56126,1.08,35805
oilseed,156,24,19068,61036,1.36,63169
maize,108,31,19965,19555,2.21,24576
maize,142,27,17861,17562,1.99,14280
maize,122,37,19881,17359,2.27,22847
paddy,193,36,24840,21910,2.75,32983
paddy,64,31,25246,21343,2.24,25155
oilseed,158,34,21315,64151,1.4,72889
paddy,45,24,23347,24798,2.53,41323
paddy,97,21,24774,22855,2.18,27221
paddy,49,38,25488,23809,2.43,36877
oilseed,129,20,19727,57010,1.41,58748
maize,187,30,18022,18219,2.17,17577
paddy,158,35,25328,21402,2.49,29541
oilseed,98,34,18521,62655,1.22,62143
paddy,139,22,27568,20131,2.43,17546
oilseed,196,23,18166,55829,1.43,57162
maize,57,35,17642,19377,2.05,24905
maize,37,31,16470,17260,1.95,19803
paddy,83,20,27627,23893,2.46,35762
paddy,92,20,23165,21326,2.68,34975
paddy,134,39,24383,20655,2.75,32833
oilseed,122,33,21993,62150,1.2,49458
oilseed,130,34,19302,60609,1.42,62718
oilseed,80,36,18874,55484,1.23,54055
oilseed,51,24,21009,59978,1.0,38731
oilseed,163,23,18181,62816,1.39,68354
paddy,147,30,24146,20049,2.58,31181
paddy,53,28,26188,24203,2.37,32724
paddy,93,27,27117,23281,2.18,25304
oilseed,77,29,20413,55790,1.48,66301
paddy,35,28,24696,22112,2.85,39878
oilseed,188,37,18481,59003,1.39,67416
oilseed,166,29,18853,61212,1.12,50270
paddy,139,26,26329,23526,2.89,45485
oilseed,73,36,21791,61891,1.28,52620
oilseed,151,37,20903,60861,1.03,45696
maize,104,32,17391,19464,2.16,25320
paddy,83,39,26740,20935,2.73,29275
oilseed,157,26,20545,56567,1.28,48580
paddy,93,22,23594,24328,2.6,34699
maize,153,34,18375,18369,1.82,16474
paddy,32,25,25459,20066,2.63,25945
maize,160,29,17477,20249,2.17,25924
oilseed,47,26,20129,62240,1.2,55610
paddy,145,25,23190,21110,2.39,25642
oilseed,93,31,18811,62172,1.17,51097
maize,59,25,17361,20073,2.46,31513
maize,197,27,16073,20016,2.07,21896
paddy,61,36,26312,20132,2.07,17696
paddy,109,26,23724,23209,2.83,39750
oilseed,106,29,18171,62843,1.41,72966
oilseed,66,35,20574,59012,1.13,41430
maize,81,22,17616,17870,1.98,14205
oilseed,144,21,19433,60462,1.18,51949
paddy,196,40,26589,24687,2.36,33860
maize,45,34,18172,20706,2.14,29408
maize,178,21,19162,17704,2.34,24344
oilseed,72,25,18287,59660,1.09,49712
oilseed,110,30,19299,55352,1.44,63989
maize,73,20,16404,17078,2.34,24829
oilseed,104,22,21747,55681,1.39,56614
oilseed,194,34,21547,63911,1.44,73989
paddy,76,20,23858,24409,2.33,30958
maize,101,27,17773,18210,2.44,31643
oilseed,67,20,18376,55911,1.2,49186
oilseed,101,29,18759,57640,1.14,50332
oilseed,177,27,18983,57342,1.42,67184
oilseed,149,22,18521,57853,1.18,45894
oilseed,110,37,18119,58377,1.24,49459
maize,59,25,16342,20566,2.48,32550
oilseed,77,29,21852,57718,1.43,64296
paddy,160,29,26201,21335,2.61,26882
oilseed,101,40,19486,55425,1.15,47694
paddy,76,37,24285,22268,2.67,31394
maize,156,32,18194,17205,2.02,11989
oilseed,41,39,20143,56991,1.36,58706
oilseed,131,38,19347,61541,1.04,41781
paddy,106,32,27833,21699,2.26,22137
oilseed,115,36,21125,55518,1.45,62205
maize,39,38,18592,18038,2.24,19880
maize,99,20,19121,20968,2.42,33974
paddy,139,23,23327,21618,2.89,34830
oilseed,34,32,20213,63340,1.03,46409
oilseed,112,27,18717,57810,1.11,43613
oilseed,177,26,19293,61711,1.0,38245
paddy,107,36,25505,20123,2.75,34121
paddy,198,34,24243,22138,2.29,23717
maize,79,22,16476,20327,1.92,18178
oilseed,179,36,20324,57563,1.31,54583
oilseed,40,34,19763,57184,1.31,52842
maize,54,24,18251,17977,2.27,26826
maize,39,22,17525,17299,2.29,22912
oilseed,198,39,20713,57966,1.39,58794
paddy,124,36,25405,22205,2.64,30235
oilseed,162,28,21535,59983,1.44,69805
paddy,103,35,24670,23172,2.36,26554
maize,107,20,18185,20523,2.4,30758
maize,76,26,16226,20149,2.22,27847
maize,181,20,16729,17836,1.85,18422
oilseed,42,37,21351,60640,1.2,55770
oilseed,47,36,21564,63793,1.29,59941
maize,162,39,18123,20382,2.26,26070
oilseed,166,25,21414,59670,1.11,40559
paddy,91,37,24891,23060,2.71,38724
oilseed,195,31,19926,57613,1.34,59306
oilseed,135,28,20679,58344,1.36,54816
oilseed,150,24,18314,62989,1.29,62922
oilseed,53,36,18790,61974,1.26,59108
oilseed,90,35,18571,59673,1.18,48325
maize,63,20,18705,20852,1.88,22796
oilseed,117,21,19878,58211,1.28,59316
maize,125,37,19509,18143,2.5,26058
maize,131,22,18429,18925,2.33,22340
paddy,193,21,25613,24687,2.81,38781
paddy,87,27,24017,20459,2.24,20242
oilseed,143,27,18920,58130,1.48,65857
oilseed,172,39,19999,57726,1.08,45196
oilseed,131,33,18103,59967,1.47,65964
paddy,160,37,24122,24577,2.66,38469
maize,146,38,18048,17058,2.02,19640
oilseed,117,30,21154,55348,1.42,55476
paddy,38,30,24843,22921,2.19,30100
oilseed,58,28,21653,63293,1.3,60621
maize,92,34,19567,19253,2.34,26075
oilseed,33,37,21624,55295,1.18,46427
maize,124,38,16022,19756,1.98,24128
paddy,183,21,23219,20825,2.8,38311
oilseed,131,20,19086,58964,1.03,37239
paddy,167,31,27058,23881,2.53,33512
maize,191,23,17594,18423,1.9,15097
oilseed,131,36,18790,60317,1.47,67267
maize,112,29,16993,20821,1.84,23525
maize,126,23,18064,17864,2.25,20155
maize,121,33,16656,19929,2.41,30434
oilseed,148,34,21287,58355,1.17,46942
oilseed,124,36,21979,59585,1.14,43762
maize,116,33,17167,18169,2.03,17737
maize,141,37,18921,18808,2.12,17489
maize,198,32,16802,20443,2.38,33839
maize,55,26,19855,18013,1.9,10949
paddy,42,35,24155,20568,2.67,33299
maize,183,22,16873,20735,1.95,20899
oilseed,148,22,21830,58348,1.09,37448
oilseed,116,30,20684,56541,1.0,31358
paddy,79,40,24346,20131,2.09,22425
paddy,179,35,26548,23691,2.04,25748
maize,131,27,19408,18110,2.4,20894
maize,71,28,17316,20465,1.97,20712
maize,188,29,19632,20545,2.33,32614
paddy,39,29,23240,24054,2.35,31684
oilseed,95,24,18698,56123,1.19,46487
oilseed,73,25,20477,63625,1.05,45625
paddy,31,31,24856,22272,2.26,23368
paddy,197,34,23444,21231,2.6,35526
maize,132,25,19913,17774,2.2,19312
oilseed,106,34,19070,57185,1.2,45522
oilseed,52,26,20741,56658,1.47,65551
paddy,83,39,25709,24713,2.91,47749
maize,160,27,19734,17139,2.08,11493
oilseed,47,22,18708,63567,1.27,57875
oilseed,192,26,20186,62042,1.0,42428
paddy,113,27,25848,22703,2.04,23833
maize,38,33,19960,17413,2.02,15787
maize,55,24,19651,17022,1.96,15991
paddy,62,38,27269,22799,2.48,31151
paddy,165,39,24590,20963,2.66,28135
maize,162,40,16999,18562,2.35,27579
paddy,82,30,27522,20357,2.29,19657
oilseed,187,38,18446,64125,1.1,56987
paddy,62,23,23482,20527,2.14,16650
maize,126,35,17291,18603,1.95,16447
maize,85,20,19246,19359,1.96,22916
oilseed,119,23,20357,58921,1.28,58552
maize,158,39,18411,20967,1.84,16868
oilseed,83,38,21918,62977,1.22,51286
oilseed,189,34,20170,62434,1.31,60308
oilseed,126,32,19143,62807,1.48,75721
oilseed,90,26,20945,63237,1.35,60587
paddy,165,26,27171,20136,2.78,28863
oilseed,67,27,21964,63131,1.34,62879
maize,62,39,17294,17640,2.0,20139
oilseed,91,39,19238,55894,1.2,45607
maize,191,33,18347,18266,1.98,22586
oilseed,96,20,21253,61051,1.2,47365
paddy,172,34,26962,20974,2.06,20291
oilseed,131,30,19113,58609,1.35,61731
oilseed,165,22,20589,62521,1.34,59379
maize,87,26,16904,17262,2.19,20779
oilseed,142,35,19920,62419,1.21,53501
paddy,65,35,26180,21110,2.28,19062
maize,47,33,17858,18655,1.99,22893
oilseed,55,26,20582,64933,1.29,65654
maize,34,33,19915,20699,1.92,16193
oilseed,177,24,19258,60717,1.48,67259
maize,53,36,16062,20042,2.02,20238
paddy,160,20,26516,23922,2.6,36788
paddy,53,39,26722,21963,2.96,37268
paddy,141,20,23191,22329,2.36,32503
paddy,55,24,24329,20003,2.61,27520
maize,54,37,19613,18567,2.11,20325
paddy,129,40,26542,22487,2.47,33263
oilseed,82,34,18364,55168,1.43,64571
maize,154,38,19594,19355,2.0,16135
oilseed,66,28,18937,55284,1.03,42132
maize,147,34,16379,19235,2.38,24503
paddy,183,36,24902,21944,2.07,19287
maize,176,30,18591,19973,2.45,30586
oilseed,142,30,18195,57781,1.14,51862
oilseed,89,28,19925,64094,1.05,50603
oilseed,162,23,21157,55283,1.41,51929
oilseed,75,24,20152,62828,1.37,70729
oilseed,174,40,21777,55487,1.46,62437
maize,167,33,18241,19839,2.1,25727
paddy,200,32,24715,24965,2.14,28658
oilseed,76,34,19479,59966,1.1,43256
oilseed,34,22,20439,64973,1.5,79282
oilseed,145,38,19127,59915,1.27,61627
maize,182,36,18635,19245,1.95,21321
paddy,116,37,26901,23961,2.14,23218
oilseed,110,30,20807,55752,1.34,51183
maize,66,30,19980,20469,2.03,21691
oilseed,51,40,19500,58377,1.31,54541
maize,193,40,17179,20671,1.96,26888
oilseed,74,28,18475,60722,1.28,59531
oilseed,189,22,18709,58955,1.06,41560
maize,154,39,17255,18877,2.12,24819
maize,199,22,18678,20263,2.46,33256
maize,142,32,18282,19479,2.26,28011
paddy,36,30,27926,23140,2.68,38335
oilseed,74,23,19090,64100,1.23,55619
paddy,145,27,24866,23407,2.65,36927
maize,108,26,18169,20110,1.99,24118
paddy,63,34,23880,24177,2.82,43096
paddy,136,36,27976,23432,2.64,33838
oilseed,88,34,18762,57841,1.36,58821
oilseed,126,22,20126,64819,1.1,46940
oilseed,87,30,21056,60394,1.18,53529
paddy,139,22,23194,21008,2.19,24457
maize,123,22,19417,18282,2.41,24988
paddy,168,38,26122,23345,2.14,25785
paddy,108,38,27692,21860,2.23,18861
paddy,164,38,23581,24407,2.92,46607
paddy,38,35,24559,21204,2.31,24546
maize,109,30,18235,20377,2.03,24136
oilseed,50,37,21496,61413,1.4,69279
maize,191,25,19548,17150,2.35,22210
maize,30,39,17232,20027,1.82,17983
maize,171,27,20000,20431,2.18,27230
oilseed,133,32,18095,61344,1.05,42789
maize,111,23,16461,17581,2.4,30007
oilseed,130,30,19677,55306,1.33,53365
paddy,121,30,24723,20255,2.36,21703
oilseed,57,33,21799,58349,1.23,51251
maize,40,38,18036,17738,2.31,18111
oilseed,96,36,20395,57432,1.3,52016
oilseed,117,20,20168,58278,1.24,50758
oilseed,51,30,20481,58551,1.11,47843
paddy,196,23,27825,24022,2.42,28675
oilseed,53,32,20941,62853,1.47,70731
maize,67,37,16417,20346,2.25,29393
oilseed,110,36,19870,59044,1.05,40395
maize,112,33,16294,18976,1.99,19327
maize,181,34,18795,20501,2.24,30962
oilseed,114,20,19252,59648,1.02,41300
paddy,37,29,24677,22562,2.68,32705
maize,99,33,18223,20310,1.95,25144
maize,139,30,19329,17838,1.97,19605
oilseed,181,32,18981,60444,1.44,64689
oilseed,31,39,18588,62985,1.4,71333
paddy,42,31,26643,23484,2.01,16274
maize,195,27,18598,18336,1.95,18842
maize,146,27,16944,20106,2.42,35289
paddy,166,37,27666,24126,2.37,28750
oilseed,52,37,20057,56542,1.21,47691
paddy,196,24,27038,23407,2.91,44750
maize,87,38,19309,18989,2.23,18061
oilseed,99,30,19240,56009,1.46,65547
maize,46,31,16476,18826,2.23,25937
oilseed,66,23,18778,63343,1.09,52667
paddy,119,21,26331,23702,2.31,32239
oilseed,33,36,20896,58145,1.26,50628
paddy,84,28,24021,20580,2.64,29036
maize,34,29,17873,19317,2.27,23899
paddy,101,39,27591,24344,2.62,33915
paddy,183,24,25718,23950,2.26,26979
oilseed,41,39,19199,59629,1.46,66402
oilseed,51,27,19884,59121,1.25,58717
paddy,44,21,25988,21017,2.83,30729
paddy,148,21,24400,23775,2.59,39358
oilseed,170,21,21103,64707,1.42,67611
paddy,132,20,26055,23312,2.59,37142
paddy,56,33,26802,20917,2.73,26714
maize,38,38,16365,18789,1.89,20586
maize,186,23,18665,17372,2.04,15550
oilseed,99,29,19229,63728,1.06,44256
paddy,68,27,24783,22707,2.68,40153
oilseed,49,27,21363,55107,1.25,47817
paddy,127,26,26349,24628,2.34,29691
oilseed,115,37,20332,64867,1.43,68823
oilseed,139,30,18963,57915,1.08,48048
oilseed,100,20,18524,57450,1.45,63140
paddy,30,22,26085,22980,2.95,37281
paddy,139,25,25708,24882,2.16,25902
paddy,159,38,25117,21806,2.9,34428
oilseed,120,29,21105,55814,1.23,48629
maize,34,34,19751,19810,2.2,23954
oilseed,68,23,19977,61826,1.08,46857
oilseed,59,22,19019,56947,1.4,55995
paddy,45,39,25283,24617,2.99,53292
paddy,153,39,27519,22378,2.06,17749
maize,192,33,18929,18644,2.1,16638
maize,191,24,17837,19112,1.8,12117
maize,135,31,17200,18846,1.97,17815
oilseed,169,31,20962,59991,1.45,66582
paddy,41,21,25529,24631,2.86,44138
oilseed,31,38,20180,63864,1.01,48123
maize,60,30,16998,17229,2.23,23135
oilseed,130,20,21022,55497,1.1,43910
oilseed,189,23,19032,57133,1.34,60872
maize,166,38,19898,19017,2.43,24496
maize,123,23,19432,19977,2.15,28075
maize,137,25,18816,20571,1.98,23325
paddy,170,37,25530,23860,2.46,34211
oilseed,193,32,21192,58014,1.39,54522
oilseed,143,20,20341,59739,1.43,69384
maize,190,29,18973,17552,1.86,18300
maize,85,40,19467,18007,1.95,16321
paddy,49,33,27418,21606,2.95,32298
oilseed,43,31,19261,58118,1.31,61002
paddy,113,36,24853,20843,2.69,31082
maize,180,31,17965,18151,1.88,14077
maize,200,36,17468,17107,2.0,18855
oilseed,142,20,19628,56048,1.44,60880
maize,188,33,17896,19479,2.42,28804
oilseed,96,22,21731,63349,1.19,55052
oilseed,126,39,19946,58210,1.37,61211
paddy,155,36,26329,22062,2.38,27372
oilseed,142,22,21096,62791,1.07,49975
oilseed,108,36,20592,59452,1.33,54261
paddy,95,33,27792,22576,2.34,24902
maize,159,32,19624,18489,2.23,17847
maize,132,28,18312,17488,2.34,25410
paddy,70,37,27307,23809,2.99,42873
paddy,115,32,25446,21709,2.57,30622
oilseed,95,27,21678,59686,1.19,53036
oilseed,30,30,18988,60975,1.35,67473
paddy,159,28,24147,21188,2.66,28857
maize,174,25,16731,19463,2.4,26180
paddy,91,25,24742,20308,2.85,29390
maize,44,26,17741,18895,2.34,22772
oilseed,183,20,20893,63939,1.38,66778
oilseed,167,34,21797,55719,1.36,50178
maize,190,20,16822,17071,1.89,18800
paddy,167,37,23963,23825,2.54,34793
paddy,68,27,23324,22428,2.7,41901
maize,71,29,19212,17583,2.11,15218
oilseed,136,38,19318,59465,1.35,59700
oilseed,153,30,21274,63571,1.48,75517
paddy,39,36,24341,21737,2.16,18896
maize,125,36,19167,17518,2.05,13474
paddy,166,35,26564,23386,2.24,29570
maize,54,29,18381,19627,2.12,18393
oilseed,128,36,18207,60559,1.05,44355
paddy,129,26,27952,21645,2.14,21554
oilseed,107,27,19198,56219,1.42,62021
oilseed,156,38,18296,59633,1.2,51928
paddy,89,37,24993,22600,2.64,33862
oilseed,135,29,20360,61401,1.47,65224
oilseed,184,38,19268,60574,1.34,66424
oilseed,58,39,18197,61191,1.02,45061
paddy,120,40,26729,23851,2.06,24960
paddy,137,36,27247,23119,2.79,33701
maize,134,32,16290,20448,2.09,23172
paddy,31,28,27467,22322,2.35,23081
maize,180,26,16443,17396,2.41,23236
maize,126,21,19282,20202,2.2,21284
paddy,88,32,27577,23564,2.63,35793
oilseed,139,27,20229,58895,1.02,43987
maize,190,24,18068,18997,2.24,26962
paddy,144,36,25880,20467,2.88,30678
paddy,35,36,23010,21613,2.14,24460
oilseed,54,24,19057,64425,1.38,66027
oilseed,149,38,21953,63329,1.11,50031
paddy,158,36,24319,22283,2.2,25845
maize,190,29,18526,17392,2.34,26073
maize,122,25,18504,20394,2.21,28300
oilseed,200,20,21771,61141,1.16,48379
oilseed,92,36,20554,61740,1.07,44552
oilseed,36,34,20640,62895,1.37,68412
oilseed,194,26,18802,60230,1.15,47688
paddy,88,32,25353,23726,2.98,48259
maize,174,27,19634,20400,2.31,28352
maize,126,27,16795,18375,1.96,18559
oilseed,81,24,18364,57127,1.04,37185
oilseed,119,29,20330,62090,1.42,66935
paddy,150,23,23627,20671,2.7,33804
paddy,107,25,27763,23544,3.0,44961
paddy,192,39,24978,20420,2.86,31878
oilseed,130,36,21166,56421,1.05,37587
paddy,47,32,26168,21300,2.69,32527
oilseed,103,37,19925,62176,1.3,62964
paddy,166,37,25606,24214,2.35,32900
maize,72,24,16165,19591,2.39,26458
oilseed,90,27,20314,63173,1.33,60143
maize,48,21,19788,18248,2.36,23142
oilseed,107,31,20583,63141,1.22,55712
paddy,193,39,23419,21835,2.65,33635
paddy,57,37,26126,21291,2.18,24446
paddy,40,22,25915,23633,2.15,27448
maize,45,37,16113,17050,2.33,22316
paddy,92,37,27648,24144,2.69,42139
paddy,163,31,27194,24202,2.68,36317
paddy,109,26,27852,24063,2.66,33254
maize,31,30,17685,20983,1.99,27820
maize,47,27,16014,18458,1.83,12805
paddy,83,28,27870,22568,2.9,34098
oilseed,197,33,20964,58091,1.28,56655
oilseed,118,29,21205,55810,1.38,57992
paddy,124,28,24911,20319,2.84,29858
paddy,163,40,25979,23229,2.21,21180
maize,64,27,16689,18078,1.92,13723
oilseed,147,30,20559,61140,1.47,68972
maize,64,23,17126,18131,1.84,19725
oilseed,177,30,21706,59835,1.46,69892
paddy,198,39,26834,20790,2.41,23562
paddy,79,39,27713,23882,2.53,30427
oilseed,153,23,19221,61472,1.19,50817
maize,93,21,17018,18005,2.11,18014
paddy,47,30,23578,23637,2.16,25869
maize,189,40,16343,17755,2.11,19105
maize,63,40,16788,17532,1.96,20875
oilseed,133,23,19554,63865,1.28,61592
oilseed,30,32,20263,61996,1.28,54258
oilseed,161,27,20208,64549,1.33,64386
maize,142,24,16381,18613,2.2,24903
oilseed,162,22,20213,60172,1.03,46611
paddy,106,20,27553,21985,2.47,24472
oilseed,123,37,19404,57090,1.33,56417
maize,142,33,19593,20534,1.98,21415
paddy,37,40,23412,24138,2.4,33762
oilseed,199,37,20908,57406,1.24,47119
maize,100,23,19908,20580,2.14,20475
paddy,115,26,23689,21134,2.49,31433
paddy,57,29,24634,22755,2.07,19511
oilseed,39,33,20953,62000,1.39,60658
maize,120,35,17033,19496,2.12,24226
oilseed,133,38,18726,56337,1.28,56702
oilseed,88,30,21342,55596,1.32,48634
oilseed,176,33,20687,58407,1.16,48465
maize,187,40,18569,17645,2.25,21311
paddy,116,33,23959,24297,2.42,38195
maize,85,20,16394,17484,2.29,19176
maize,194,29,17882,19930,1.92,15603
maize,145,27,16643,19642,2.16,24347
maize,103,39,18882,20928,1.97,27129
paddy,136,30,26142,22985,2.12,21861
maize,95,26,17374,17343,2.03,20548
maize,194,30,18641,18163,2.49,22301
paddy,139,33,25363,21491,2.47,29593
maize,178,35,17045,20217,2.49,35970
paddy,134,39,25794,24034,2.1,23080
paddy,156,36,27609,23175,2.44,32243
maize,35,25,17507,19333,2.14,27099
maize,153,31,18026,18134,1.99,16996
oilseed,169,27,21673,62404,1.31,62180
paddy,30,33,23288,22926,2.85,45125
paddy,48,36,25114,22729,2.44,27532
oilseed,162,30,19443,55825,1.24,47175
paddy,180,36,24834,20059,2.5,22866
paddy,71,29,25279,21468,2.48,32693
oilseed,61,27,19666,57485,1.45,64832
maize,55,32,16123,20422,2.24,30399
maize,141,23,17793,17101,2.28,25439
maize,58,32,18230,19143,2.35,29044
paddy,176,40,26816,20786,2.83,32113
maize,37,28,19373,20333,2.38,33228
paddy,46,25,25655,21235,2.29,25882
oilseed,131,34,21624,61026,1.4,67373
paddy,128,36,25656,24653,2.88,45271
maize,32,21,17182,17129,1.98,16362
maize,152,30,16018,18031,1.9,15678
oilseed,90,29,19478,57284,1.24,52475
oilseed,169,33,19858,63139,1.33,64440
maize,118,36,16408,18131,1.93,18286
paddy,137,38,24695,21426,2.13,24346
paddy,129,27,24771,20723,2.45,30011
maize,122,35,17118,17288,2.24,20770
maize,154,24,18224,17914,2.14,21383
oilseed,146,38,21466,64022,1.1,52799
maize,65,40,19953,19634,2.31,29451
maize,61,21,18283,19672,2.42,32088
paddy,69,21,27922,24313,2.92,43951
paddy,152,37,24541,22926,2.04,21123
maize,141,34,19161,17164,2.25,21748
paddy,190,29,24830,24013,2.21,31988
oilseed,138,27,18954,63591,1.17,52220
oilseed,54,20,20448,55067,1.47,56844
oilseed,76,40,20626,60248,1.49,72853
oilseed,48,31,20050,59298,1.37,58575
oilseed,83,39,19119,59962,1.03,39102
oilseed,108,32,18058,57467,1.48,70079
paddy,51,32,26179,23522,2.69,32652
maize,157,37,17631,19700,2.01,19827
paddy,60,32,27626,21794,2.94,35425
oilseed,200,20,18881,61395,1.03,43894
paddy,179,34,24562,20678,2.68,35166
oilseed,45,26,20281,55813,1.39,53359
maize,168,36,16372,18603,2.31,25761
oilseed,80,32,20037,56236,1.19,50107
oilseed,97,36,21452,61232,1.31,59499
oilseed,139,39,20155,57174,1.07,45078
paddy,135,34,27439,20467,2.41,23971
paddy,61,20,27014,23346,2.75,34814
maize,100,39,19380,19162,2.07,25066
paddy,189,29,26001,23867,2.99,47436
oilseed,113,21,21215,58979,1.25,49341
maize,166,21,19769,20145,2.18,20365
paddy,162,27,25277,21323,2.75,31281
maize,130,34,19821,19905,1.97,23540
maize,156,38,16219,19059,2.39,26828
oilseed,60,20,21944,55355,1.18,43603
oilseed,186,35,19351,59135,1.28,56014
oilseed,40,31,19925,63256,1.13,46748
paddy,51,30,25059,24595,2.17,30036
paddy,160,24,27128,22375,2.65,36314
maize,181,25,19995,19008,2.07,18367
maize,55,32,19181,19082,1.98,14275
maize,35,37,18495,18523,2.04,21726
maize,141,22,17870,18732,2.24,25664
oilseed,186,21,21909,55928,1.47,62139
paddy,183,28,24704,24586,2.63,35597
paddy,142,23,25285,20320,2.88,28332
oilseed,37,36,20678,58476,1.41,60960
maize,39,39,19441,18588,2.17,19229
maize,102,39,17630,20186,2.34,33081
maize,65,22,17465,19856,2.15,26283
oilseed,35,37,19046,62568,1.33,67784
maize,33,30,19336,20401,2.15,25141
maize,32,23,16775,17798,2.28,24685
maize,35,32,18275,18935,2.38,24990
maize,95,32,16946,17084,2.17,23702
oilseed,93,22,20221,57508,1.31,53863
maize,167,20,17516,18882,1.8,17826
paddy,66,40,27050,24979,2.5,35638
oilseed,185,34,18712,57620,1.26,54508
paddy,198,29,27219,22353,2.3,19562
oilseed,149,31,20934,60135,1.14,50595
oilseed,171,28,18033,55827,1.33,58162
paddy,66,30,27936,22132,2.57,24438
paddy,180,23,27981,24913,2.9,42246
paddy,62,20,27480,23662,2.45,25935
maize,127,30,16275,19174,1.82,16541
oilseed,165,37,18863,55512,1.46,60647
oilseed,180,28,19779,55247,1.24,48469
paddy,114,28,24114,22176,2.95,38424
maize,70,39,17788,19868,2.43,27877
maize,70,30,18640,17229,2.02,15325
oilseed,109,37,18612,60103,1.19,55366
paddy,83,21,23278,24092,2.68,44682
paddy,91,33,27916,23261,2.3,28958
maize,117,40,18436,19960,2.34,31633
oilseed,117,28,18172,63753,1.4,75771
paddy,124,24,24428,23259,2.97,47588
oilseed,42,28,21072,59548,1.27,54629
paddy,66,21,26879,20012,2.09,18254
maize,136,32,18284,17902,2.03,13428
paddy,178,39,26491,21980,2.61,27773
paddy,59,39,23256,24020,2.34,35694
oilseed,137,25,18875,62585,1.48,69493
paddy,145,36,26607,21425,2.82,31504
paddy,186,34,24207,20940,2.21,18451
paddy,168,33,24170,23935,2.87,44139
paddy,152,23,27336,20473,2.85,28099
maize,55,30,16969,17557,2.37,23602
maize,71,30,19979,18408,1.84,12340
paddy,122,23,25174,24130,2.59,40774
maize,63,36,17558,19375,2.33,24246
maize,179,24,18075,17412,1.87,12896
paddy,104,31,24062,21246,2.28,19386
oilseed,151,38,18001,57778,1.02,43940
oilseed,49,23,21866,62838,1.43,67112
oilseed,32,35,21224,59693,1.16,52619
oilseed,34,27,20502,64133,1.2,53646
oilseed,149,31,20510,60536,1.46,69277
maize,65,28,17629,18187,2.15,24698
paddy,49,21,27981,24444,2.39,32302
maize,112,34,16853,18880,1.8,21684
oilseed,38,33,20883,58836,1.23,53113
oilseed,175,23,20808,64632,1.26,64387
paddy,44,28,26525,23688,2.57,35778
paddy,199,20,27815,24905,2.61,40604
oilseed,42,23,21995,61548,1.34,59620
paddy,161,20,23147,20147,2.19,17473
oilseed,75,39,21656,58190,1.35,60994
maize,199,34,16831,19064,1.93,16874
oilseed,87,22,18898,60463,1.29,61654
maize,132,29,19613,19275,2.27,27669
maize,52,22,17694,19096,2.04,17284
paddy,183,34,26113,20947,2.52,22461
maize,64,31,18280,18234,2.3,25601
paddy,77,25,27471,23622,2.54,35882
oilseed,32,30,21526,58016,1.3,51306
oilseed,115,36,18928,61639,1.34,67653
paddy,157,21,25115,22010,2.92,34519
maize,94,40,17671,17959,2.06,20932
maize,139,34,19228,18152,2.0,17315
maize,93,40,17719,20593,2.16,31157
maize,132,33,16611,19191,2.43,25514
paddy,73,24,24078,24370,2.34,34670
oilseed,174,24,18779,62027,1.29,59020
maize,100,22,19997,17044,2.21,14634
maize,67,20,17488,19684,2.03,20219
paddy,119,23,26318,24650,2.82,42142
oilseed,188,37,18941,58472,1.1,49031
oilseed,64,22,18425,64992,1.32,65441
paddy,155,31,26924,23418,2.48,31610
maize,30,23,19454,17534,1.87,10406
oilseed,173,26,21175,59310,1.34,60082
oilseed,172,32,20798,64941,1.23,54328
oilseed,137,34,18584,57241,1.13,41559
paddy,143,35,26933,20323,2.34,22816
paddy,139,35,25360,23243,2.29,25845
oilseed,150,28,20098,64113,1.02,47162
paddy,120,30,27791,24796,2.48,36563
maize,167,35,18010,17299,2.25,19528
paddy,158,26,26493,22296,2.7,38679
maize,191,39,16495,19672,2.19,31113
maize,39,33,19909,19345,2.4,27985
maize,158,27,18682,20259,1.94,25219
maize,146,28,18993,17205,2.3,17343
maize,94,39,17464,18148,1.99,16215
maize,64,31,16321,20461,2.47,32101
maize,52,33,18382,19770,2.2,30063
paddy,120,24,27005,20406,2.88,35654
maize,131,36,16393,18659,2.16,22089
maize,168,23,16753,17615,2.13,17190
oilseed,68,35,19737,62062,1.22,60131
maize,154,38,19995,17002,2.46,22726
paddy,100,21,26479,23299,2.17,23870
oilseed,190,30,20618,55606,1.44,62973
oilseed,179,20,20452,63365,1.01,39551
maize,39,26,18416,20156,2.39,27895
oilseed,38,21,21657,55437,1.12,37490
oilseed,53,29,19347,59042,1.07,39171
oilseed,70,21,19702,57879,1.13,43059
maize,92,27,17479,20054,1.81,17805
maize,187,23,18075,17824,2.33,22681
oilseed,142,22,20087,64668,1.04,46726
oilseed,58,35,18651,62305,1.29,66044
paddy,156,27,26484,22417,2.96,41274
maize,94,36,16291,20274,2.16,26091
paddy,69,34,25901,21561,2.56,31324
oilseed,188,22,21903,64513,1.4,73099
paddy,160,23,23903,20368,2.41,22223
oilseed,182,36,19027,61735,1.04,45995
oilseed,86,39,19536,61969,1.16,54373
oilseed,118,23,21768,62187,1.01,42705
paddy,156,39,24100,21374,2.63,36687
paddy,36,33,24174,24908,2.15,26607
maize,153,28,19453,18973,2.43,27216
oilseed,76,25,18676,56942,1.03,44457
maize,195,35,17038,19883,1.8,20365
oilseed,116,30,19510,57060,1.26,52680
paddy,164,39,27303,20988,2.07,20678
paddy,147,32,23137,22441,2.44,30468
maize,114,26,16059,20899,2.47,34601
maize,178,30,16274,17639,1.87,15088
oilseed,64,38,21199,58065,1.5,63252
paddy,42,38,26095,21122,2.12,15885
oilseed,39,22,18139,55846,1.22,49939
paddy,153,40,26541,22733,2.71,34779
maize,178,28,16071,17355,2.27,21908
maize,91,25,17561,18979,2.24,26058
paddy,40,33,23252,21887,2.93,40029
oilseed,72,31,20792,62085,1.02,39838
oilseed,200,29,18376,61067,1.14,51197
paddy,162,33,23258,22965,2.63,36305
oilseed,186,39,21419,63941,1.22,56189
paddy,127,32,23725,20774,2.33,24521
paddy,93,40,23867,24471,2.36,30244
maize,48,22,18964,17738,2.17,17086
maize,115,37,17390,20013,1.88,23634
oilseed,131,28,18693,59295,1.24,59498
paddy,44,22,25770,24079,2.54,36332
paddy,40,24,26772,21024,2.15,14742
maize,107,31,18871,18652,2.08,20195
paddy,132,38,25052,24353,2.76,40792
oilseed,154,21,20372,59524,1.43,62348
maize,99,35,16409,19714,2.2,28155
paddy,71,35,24101,21685,2.05,16731
paddy,62,20,24069,23740,2.69,42132
maize,118,37,18824,17749,2.43,28632
paddy,186,32,25888,22468,2.25,24638
maize,166,30,17037,17712,2.41,28129
oilseed,104,30,21119,57705,1.1,38999
oilseed,31,36,21575,59107,1.34,59338
maize,38,37,19063,20530,1.86,20460
oilseed,198,37,18342,64400,1.19,60620
oilseed,97,27,18386,63195,1.2,55452
paddy,94,33,25651,24476,2.64,34771
oilseed,92,25,21512,60600,1.28,56786
paddy,180,20,27684,21584,2.07,21401
maize,129,23,18865,19061,1.85,18324
oilseed,167,32,18758,61077,1.26,60696
maize,64,40,16599,19799,1.91,23388
oilseed,167,37,21808,64563,1.49,69666
paddy,100,38,24740,21709,2.55,31749
oilseed,34,33,21927,59859,1.1,41356
maize,136,31,18704,17109,2.38,21522
oilseed,175,31,21983,62104,1.06,42771
oilseed,65,25,18072,55347,1.24,46233
maize,185,39,18283,20357,1.91,21654
paddy,107,33,26031,24465,2.04,26784
paddy,77,40,23622,23486,2.34,32133
maize,38,29,16055,20859,2.47,37413
maize,150,25,19700,17734,1.96,17665
paddy,128,22,24353,24463,2.51,32720
paddy,149,34,25630,22430,2.74,37363
paddy,164,24,23131,22509,2.43,33544
oilseed,148,24,18005,60711,1.2,56166
oilseed,163,34,21920,64138,1.39,71823
paddy,186,28,25923,20667,3.0,37958
paddy,32,22,23686,22272,2.1,18387
maize,57,26,18819,20977,2.05,19263
maize,98,20,17501,20837,2.05,29256
maize,78,37,18319,18694,1.87,12636
paddy,171,36,24304,22404,2.42,33566
oilseed,161,26,18943,61404,1.01,44619
paddy,102,40,25472,21901,2.24,27529
paddy,189,28,23062,21213,2.77,39364
oilseed,158,27,21972,64985,1.05,47093
paddy,64,25,24492,20830,2.39,23732
oilseed,55,35,20004,64499,1.29,68131
oilseed,187,39,18520,60235,1.11,48241
oilseed,86,20,20069,58163,1.43,65931
paddy,37,39,24258,20265,2.8,30506
oilseed,86,35,21000,61766,1.5,67481
maize,158,29,19462,20849,2.45,30386
maize,118,32,16206,18578,2.15,20932
oilseed,166,21,21377,56517,1.11,37224
paddy,137,33,27543,22997,2.9,40792
maize,49,27,17628,19882,2.21,26743
paddy,79,35,23186,20162,2.63,33161
oilseed,41,28,19631,60221,1.35,61269
maize,71,39,19958,19921,1.87,21318
paddy,168,38,27407,21074,2.68,24788
oilseed,67,32,20245,55824,1.11,41003
maize,75,36,16272,17328,2.13,17916
maize,135,25,17092,17268,2.03,17539
paddy,171,33,25864,24514,2.58,38667
paddy,36,20,24402,21209,2.68,28538
maize,128,20,17505,17132,2.19,21050
oilseed,73,28,21411,55206,1.25,49079
maize,93,25,17300,19295,2.24,29311
oilseed,63,25,18943,63372,1.35,64303
paddy,109,36,25564,20454,2.13,21965
oilseed,91,27,19636,61253,1.37,60468
maize,47,29,16564,20261,1.83,23314
paddy,98,28,24642,20510,2.84,33334
maize,43,31,19920,18529,1.96,15607
maize,173,35,19004,19940,2.04,26137
maize,159,23,16018,17287,1.96,22768
paddy,200,21,25770,20651,2.74,34577
oilseed,44,28,18083,58999,1.38,59593
paddy,92,35,23608,23789,2.26,27971
oilseed,70,39,21952,56282,1.28,52026
maize,140,29,19861,18732,1.87,13780
maize,193,25,16002,18518,1.93,20299
oilseed,107,40,19841,61736,1.17,57157
paddy,63,23,23266,20908,2.13,22299
paddy,192,30,23605,23982,2.48,35029
maize,158,32,16696,20971,2.13,26650
maize,82,34,16435,20426,2.5,32542
paddy,195,27,25742,23803,2.62,35594
paddy,88,29,23631,23580,2.61,39497
paddy,44,26,24355,21315,2.52,32866
oilseed,43,21,19885,60865,1.0,44701
paddy,106,33,26783,23001,2.36,28546
paddy,120,34,27268,23013,2.6,29204
maize,175,27,17206,19290,2.13,28827
paddy,82,36,26238,24977,2.45,34827
paddy,125,26,23117,24018,2.73,43147
maize,59,32,18459,20482,2.4,35251
paddy,117,25,25210,24438,2.36,28470
paddy,197,26,27323,20776,2.27,16024
maize,162,26,18565,18651,2.01,14850
oilseed,96,26,19054,59474,1.1,49771
maize,91,31,18043,18953,2.17,20830
oilseed,199,23,19904,55421,1.43,63306
oilseed,96,38,21819,63793,1.2,59142
oilseed,107,36,21433,56300,1.35,57818
maize,36,22,19191,20416,2.43,31012
paddy,42,20,24231,21761,2.78,39167
paddy,77,38,24843,24542,2.89,43035
oilseed,71,34,18715,61470,1.42,63635
paddy,110,26,25440,20062,2.73,25307
oilseed,73,36,18609,55042,1.12,46252
maize,126,37,17949,17131,2.24,23676
maize,117,21,18134,17555,2.46,20772
maize,47,23,16118,17820,1.85,20708
maize,98,40,18223,18829,2.49,26507
maize,73,26,16539,18314,2.08,21776
oilseed,200,40,18356,61714,1.43,70763
paddy,87,33,24348,23790,2.5,31650
oilseed,140,24,21508,55132,1.4,53180
paddy,104,20,27699,20471,2.61,25003
oilseed,106,40,21641,62801,1.23,55484
maize,134,36,18475,17665,2.14,23491
maize,155,35,19266,18416,2.12,21592
maize,65,21,16480,19879,2.06,23963
maize,106,36,19054,19088,1.83,20424
maize,140,24,17709,18981,2.34,29115
oilseed,133,34,18606,61543,1.24,60357
paddy,182,24,26839,21609,2.12,23078
paddy,47,37,25002,22470,2.53,31040
paddy,149,24,25129,24926,2.45,36725
oilseed,140,37,20476,64298,1.41,65199
paddy,101,21,26351,21664,2.54,28374
paddy,187,23,23047,22850,2.25,23703
oilseed,147,33,20645,60469,1.18,51637
oilseed,98,26,21467,55862,1.31,50436
maize,39,35,19999,20316,2.26,26408
maize,33,27,18533,20211,2.11,21506
maize,85,40,18579,17356,2.15,18095
paddy,173,35,23779,23253,2.68,34134
paddy,30,28,25566,22785,2.56,29594
paddy,109,21,27125,23561,2.47,28305
oilseed,56,27,20252,56298,1.35,52544
paddy,72,33,24905,21277,2.86,35441
maize,194,39,16793,19453,2.26,30759
maize,123,35,17764,20997,1.96,23835
oilseed,163,25,19204,60292,1.11,44904
paddy,43,30,23819,24864,2.77,49424
paddy,194,23,27997,23649,2.33,27298
paddy,116,25,23672,20037,2.89,36109
maize,169,35,18150,20799,2.06,21820
maize,72,23,18970,18548,2.45,28407
oilseed,196,34,18388,60768,1.06,47082
oilseed,98,39,21057,55988,1.48,63448
paddy,148,39,23574,23613,2.82,42707
maize,157,22,18711,20179,2.33,29587
maize,162,34,17437,18416,2.42,31134
oilseed,49,29,20278,63013,1.43,71260
oilseed,127,37,19615,55575,1.47,59836
maize,173,39,17802,17126,2.02,18757
oilseed,69,20,18393,61668,1.2,52437
maize,97,22,17892,18001,2.14,24157
paddy,87,21,24168,23244,2.16,30696
oilseed,56,24,20095,62236,1.25,56062
oilseed,37,27,20448,57765,1.41,62521
maize,132,29,19135,17770,2.27,24086
maize,187,22,18153,19918,2.07,24022
oilseed,62,32,19031,61379,1.19,52103
oilseed,59,37,21335,58657,1.13,43232
maize,189,34,19557,20632,2.42,30010
maize,77,40,17838,20053,1.85,23077
oilseed,181,39,20192,59103,1.48,63086
paddy,136,34,23186,20515,2.12,16821
maize,52,32,18599,20830,2.19,30116
oilseed,192,35,20848,58442,1.03,38441
maize,171,25,19538,18590,2.38,24258
oilseed,168,31,19043,61326,1.14,52735
oilseed,39,40,20132,56715,1.13,44382
maize,192,34,16181,19822,2.48,36954
maize,162,38,19542,17794,1.89,16872
oilseed,200,24,18826,62893,1.23,61698
maize,159,20,18227,18049,2.33,24385
paddy,151,27,27311,20694,2.94,36350
maize,123,39,17088,17215,1.81,9787
oilseed,58,31,19991,62751,1.29,62731
oilseed,100,35,21072,55636,1.09,40890
paddy,43,27,27489,22294,2.9,34431
